17675689106	CodeQL Analysis	ci/osv-scan-from-poetry-20250912141853	in_progress		2025-09-12T13:19:02Z	https://github.com/CoderDeltaLAN/osv-vuln-bot/actions/runs/17675689106
17675689064	CI / build	ci/osv-scan-from-poetry-20250912141853	in_progress		2025-09-12T13:19:02Z	https://github.com/CoderDeltaLAN/osv-vuln-bot/actions/runs/17675689064
17675689061	Release Drafter	ci/osv-scan-from-poetry-20250912141853	completed	failure	2025-09-12T13:19:02Z	https://github.com/CoderDeltaLAN/osv-vuln-bot/actions/runs/17675689061
17675689053	dependabot metadata and labels	ci/osv-scan-from-poetry-20250912141853	completed	skipped	2025-09-12T13:19:02Z	https://github.com/CoderDeltaLAN/osv-vuln-bot/actions/runs/17675689053
17675689038	semantic PR title	ci/osv-scan-from-poetry-20250912141853	completed	success	2025-09-12T13:19:02Z	https://github.com/CoderDeltaLAN/osv-vuln-bot/actions/runs/17675689038
17675558466	CodeQL Analysis	dependabot/pip/httpx-0.28.1	completed	success	2025-09-12T13:13:59Z	https://github.com/CoderDeltaLAN/osv-vuln-bot/actions/runs/17675558466
17675558451	CI / build	dependabot/pip/httpx-0.28.1	completed	success	2025-09-12T13:13:59Z	https://github.com/CoderDeltaLAN/osv-vuln-bot/actions/runs/17675558451
17675558447	Release Drafter	dependabot/pip/httpx-0.28.1	completed	failure	2025-09-12T13:13:59Z	https://github.com/CoderDeltaLAN/osv-vuln-bot/actions/runs/17675558447
17675558135	dependabot metadata and labels	dependabot/pip/httpx-0.28.1	completed	failure	2025-09-12T13:13:58Z	https://github.com/CoderDeltaLAN/osv-vuln-bot/actions/runs/17675558135
17675558125	semantic PR title	dependabot/pip/httpx-0.28.1	completed	success	2025-09-12T13:13:58Z	https://github.com/CoderDeltaLAN/osv-vuln-bot/actions/runs/17675558125
