17675862174	ci/osv-scan-from-poetry-20250912141853	completed	success	CodeQL Analysis
17675862132	ci/osv-scan-from-poetry-20250912141853	completed	success	CI / build
17675862098	ci/osv-scan-from-poetry-20250912141853	completed	skipped	dependabot metadata and labels
17675862084	ci/osv-scan-from-poetry-20250912141853	completed	success	semantic PR title
17675689106	ci/osv-scan-from-poetry-20250912141853	completed	success	CodeQL Analysis
17675689064	ci/osv-scan-from-poetry-20250912141853	completed	success	CI / build
17675689061	ci/osv-scan-from-poetry-20250912141853	completed	failure	Release Drafter
17675689053	ci/osv-scan-from-poetry-20250912141853	completed	skipped	dependabot metadata and labels
17675689038	ci/osv-scan-from-poetry-20250912141853	completed	success	semantic PR title
17675558466	dependabot/pip/httpx-0.28.1	completed	success	CodeQL Analysis
17675558451	dependabot/pip/httpx-0.28.1	completed	success	CI / build
17675558447	dependabot/pip/httpx-0.28.1	completed	failure	Release Drafter
17675558135	dependabot/pip/httpx-0.28.1	completed	failure	dependabot metadata and labels
17675558125	dependabot/pip/httpx-0.28.1	completed	success	semantic PR title
17675554682	dependabot/pip/black-25.1.0	completed	success	CodeQL Analysis
17675554681	dependabot/pip/black-25.1.0	completed	success	CI / build
17675554677	dependabot/pip/black-25.1.0	completed	failure	Release Drafter
17675554488	dependabot/pip/black-25.1.0	completed	failure	dependabot metadata and labels
17675554486	dependabot/pip/black-25.1.0	completed	success	semantic PR title
17675553130	dependabot/pip/ruff-0.13.0	completed	failure	Release Drafter
17675553127	dependabot/pip/ruff-0.13.0	completed	success	CodeQL Analysis
17675553118	dependabot/pip/ruff-0.13.0	completed	success	CI / build
17675552859	dependabot/pip/ruff-0.13.0	completed	failure	dependabot metadata and labels
17675552856	dependabot/pip/ruff-0.13.0	completed	success	semantic PR title
17675551357	dependabot/pip/pytest-cov-7.0.0	completed	failure	Release Drafter
17675551355	dependabot/pip/pytest-cov-7.0.0	completed	success	CodeQL Analysis
17675551353	dependabot/pip/pytest-cov-7.0.0	completed	success	CI / build
17675550987	dependabot/pip/pytest-cov-7.0.0	completed	success	semantic PR title
17675550985	dependabot/pip/pytest-cov-7.0.0	completed	failure	dependabot metadata and labels
17675544008	dependabot/github_actions/actions/github-script-8	completed	success	CI / build
17675544000	dependabot/github_actions/actions/github-script-8	completed	success	CodeQL Analysis
17675543983	dependabot/github_actions/actions/github-script-8	completed	failure	Release Drafter
17675543796	dependabot/github_actions/actions/github-script-8	completed	failure	dependabot metadata and labels
17675543778	dependabot/github_actions/actions/github-script-8	completed	success	semantic PR title
17675543338	dependabot/github_actions/actions/setup-python-6	completed	success	CI / build
17675543326	dependabot/github_actions/actions/setup-python-6	completed	failure	Release Drafter
17675543299	dependabot/github_actions/actions/setup-python-6	completed	success	CodeQL Analysis
17675543005	dependabot/github_actions/actions/setup-python-6	completed	success	semantic PR title
17675542995	dependabot/github_actions/actions/setup-python-6	completed	failure	dependabot metadata and labels
17675542669	dependabot/github_actions/actions/checkout-5	completed	success	CodeQL Analysis
17675542624	dependabot/github_actions/actions/checkout-5	completed	success	CI / build
17675542617	dependabot/github_actions/actions/checkout-5	completed	failure	Release Drafter
17675542238	dependabot/github_actions/actions/checkout-5	completed	success	semantic PR title
17675542176	dependabot/github_actions/actions/checkout-5	completed	failure	dependabot metadata and labels
17675541622	dependabot/github_actions/amannn/action-semantic-pull-request-6	completed	success	CodeQL Analysis
17675541600	dependabot/github_actions/amannn/action-semantic-pull-request-6	completed	failure	Release Drafter
17675541589	dependabot/github_actions/amannn/action-semantic-pull-request-6	completed	success	CI / build
17675541289	dependabot/github_actions/amannn/action-semantic-pull-request-6	completed	success	semantic PR title
17675541270	dependabot/github_actions/amannn/action-semantic-pull-request-6	completed	failure	dependabot metadata and labels
17675522323	main	completed	success	pip in /. - Update #1098394340
17675522131	main	completed	success	github_actions in /. - Update #1098394332
17675522109	main	completed	success	pip in /. - Update #1098394341
17675521961	main	completed	success	github_actions in /. - Update #1098394333
17675434955	main	completed	success	CI / build
17675434936	main	completed	failure	Release Drafter
17675434935	main	completed	success	CodeQL Analysis
17675289175	main	completed	success	CodeQL Analysis
17675289146	main	completed	success	CI / build
17675219321	main	completed	success	CodeQL Analysis
17675219317	main	completed	success	CI / build
17675160003	main	completed	success	CI / build
17675159990	main	completed	success	CodeQL Analysis
17675157066	main	completed	success	CodeQL Analysis
17675157059	main	completed	success	CI / build
